codigo,nombre
11101,"CULTIVO Y VENTA DE CEREALES, LEGUMBRES Y GRANOS BÁSICOS NO INCLUIDAS EN CANASTA BÁSICA"
11102,CULTIVO DE PALMA AFRICANA Y OTROS FRUTOS OLEAGINOSOS
11103,CULTIVO Y COMERCIALIZACIÓN DE CESPED
11218,PRODUCCIÓN DE MINIVEGETALES
11231,CULTIVO HORTALIZAS LEGUMBRES ESPECIALIDADES HORTÍCOLAS PRODUCTOS VIVERO GRAVADOS IVA
11301,CULTIVO DE ESPECIAS DE TODO TIPO
11302,CULTIVO DE FRUTAS
11322,CULTIVO DE SEMILLAS COMESTIBLES Y GERMINACION DE SEMILLAS OLEAGINOSAS
11329,CULTIVO DE PLANTAS PARA PREPARAR BEBIDAS Y MEDICINAS
11349,CULTIVO DE CACAO
11401,CULTIVO DE CAFE
11701,CULTIVO DE  CAñA DE AZÚCAR
11802,"CULTIVO Y VENTA DE CEREALES, LEGUMBRES Y GRANOS BÁSICOS INCLUIDOS  EN CANASTA BÁSICA"
11901,CULTIVO DE FLORES DE TODO TIPO
11903,VIVEROS
11907,PEQUEÑOS PRODUCTORES AGRICOLAS (FERIAS DEL AGRICULTOR)
12101,CRíA DE CABALLOS Y OTROS EQUINOS
12102,"PRODUCCION DE SEMEN BOVINO, VENTA DE SEMEN CONGELADO Y DILUYENTE PARA SEMEN"
12103,"CRÍA DE ANIMALES DOMÉSTICOS,COMO: GANADO VACUNO, OVEJAS Y CABRAS"
12201,CRIA DE CERDOS
12202,CRIA DE ANIMALES DOMESTICADOS (AVES DE CORRAL)
12203,CRíA DE MARIPOSAS
12204,CRIA Y VENTA DE OTROS ANIMALES SEMIDOMESTICADOS O SALVAJES
12401,"PRODUCCION Y VENTA DE HUEVOS DE CUALQUIER TIPO, EXCEPTO  LOS DE GALLINA"
12402,CRÍA DE ANIMALES Y OBTENCIÓN DE PRODUCTOS DE ANIMALES VIVOS
12403,PRODUCCION DE HUEVOS DE GALLINA INCLUIDOS EN LA CANASTA BASICA
13001,CULTIVO DE PRODUCTOS AGRICOLAS EN COMBINACION CON LA CRIA DE ANIMALES
14001,SERVICIO DE JARDINERIA Y/O DISEÑO PAISAJISTA
14002,RECOLECCION DE COSECHAS Y ACTIVIDADES CONEXAS
14003,FUMIGACION DE CULTIVOS
14004,SERVICIO DE PLANTACION DE ARBOLES Y SIMILARES
14005,MANEJO E INSTALACION DE SISTEMAS DE RIEGO
15001,"CAZA ORDINARIA MEDIANTE TRAMPAS, Y REPOBLACION DE ANIMALES DE CAZA"
20001,VENTA DE ARBOLES EN PIE (ARBOLES DE REFORESTACION)
20002,EXTRACCION Y/O VENTA DE MADERA
20005,"ACTIVIDADES DE CONSERVACIÓN DE BOSQUES. (SERVICIOS AMBIENTALES, VENTA DE OXÍGENO)"
50001,PESCADORES ARTESANALES EN PEQ. ESCALA
50002,PESCADORES ARTESANALES MEDIOS
50003,"CRIADERO DE PECES, CRUSTACEOS O MOLUSCOS. COMERCIALIZACION DE LARVAS DE ESPECIES"
50005,PESCADORES EN GRAN ESCALA
101001,EXTRACCION Y AGLOMERACION DE CARBON DE PIEDRA
111001,EXTRACCION DE PETROLEO CRUDO Y GAS NATURAL
120001,EXTRACCIÓN DE MINERALES DE URANIO Y TORIO
141001,"EXTRACCION DE PIEDRA, ARENA Y ARCILLA"
142101,EXTRACCION DE MINERALES Y SUSTANCIAS PARA LA FABRICACION DEABONOS
142201,EXTRACCION DE SAL
142901,EXPLOTACION DE OTRAS MINAS Y CANTERAS N.C.P.
142902,VENTA DE ASFALTO/MEZCLA ASFALTICA
151101,"ELABORACION Y CONSERVACIÓN DE CARNE  Y EMBUTIDOS DE GANADO VACUNO, PORCINO  Y DE AVES"
151102,OPERACIÓN DE MATADEROS QUE REALIZAN ACTIVIDADES DE MATANZA DE ANIMALES
151103,PRODUCCION DE CUEROS Y PIELES SIN CURTIR
151105,"PRODUCCION Y VENTA DE EMBUTIDOS EMPACADOS, ENVASADO Y ENLATADO"
151201,"ELABORACIóN Y CONSERVACIóN DE PESCADO, CRUSTÁCEOS Y MOLUSCOS"
151301,"ELABORACION Y CONSERVACION DE FRUTAS, LEGUMBRES Y HORTALIZAS"
151304,PRODUCCIóN DE CONCENTRADOS PARA JUGOS (CITRICULTURA)
151401,ELABORACION Y VENTA DE ACEITES  Y GRASAS DE ORIGEN VEGETAL Y ANIMAL
152001,PRODUCCIóN DE HELADOS Y OTROS PRODUCTOS SIMILARES
152002,ELABORACIÓN Y VENTA DE PRODUCTOS LÁCTEOS NO INCLUIDOS EN CANASTA BÁSICA
152003,ELABORACIÓN DE PRODUCTOS DE MOLINERÍA NO INCLUIDOS CANASTA BÁSICA
153101,SERVICIO DE MOLIENDA
153102,ELABORACIÓN DE PRODUCTOS DE MOLINERÍA NO INCLUIDOS CANASTA BÁSICA
153103,BENEFICIO DE ARROZ
153104,ELABORACIÓN DE PRODUCTOS DE MOLINERÍA INCLUIDOS EN CANASTA BÁSICA
153201,ELABORACION DE PRODUCTOS DERIVADOS DE ALMIDON
153301,ELABORACION DE ALIMENTOS PARA ANIMALES DESTINADOS AL CONSUMO HUMANO
153302,ELABORACION DE PACAS DE HENO
154101,VENTA DE PAN Y OTROS PRODUCTOS SIMILARES GRAVADOS CON IVA
154102,ELABORACIÓN Y VENTA DE PRODUCTOS DE PANADERIA NO INCLUIDOS EN CANASTA BÁSICA
154104,ELABORACIÓN Y VENTA DE PRODUCTOS DE PANADERIA INCLUIDOS EN CANASTA BÁSICA
154201,ELABORACIÓN  Y VENTA DE AZÚCAR Y PRODUCTOS DERIVADOS DE LA CAÑA DE AZÚCAR
154301,ELABORACION DE CACAO
154302,ELABORACIÓN DE CHOCOLATE
154303,"ELABORACION DE DULCES, GOLOSINAS Y CONSERVAS EN AZUCAR"
154401,"ELABORACIÓN DE MACARRONES, FIDEOS, ALCUZCUZ Y PRODUCTOS FARINÁCEOS SIMILARES"
154402,"ELABORACIÓN DE MACARRONES, FIDEOS, ALCUZCUZ Y PRODUCTOS FARINÁCEOS SIMILARES INCLUIDOS EN CANASTA BÁSICA"
154902,FABRICACION DE PRODUCTOS ALIMENTICIOS PREPARADOS N.C.P. (NO CONTEMPLADOS EN OTRA
154903,FABRICACIóN DE HIELO
154904,"FABRICACIóN DE CAFÉ (EXCEPTO EL ENVASADO, ENLATADO, SOLUBLEY EL DESCAFEINADO)"
154905,ELABORACION DE PRODUCTOS DE MAIZ EXENTOS DE IVA
154908,ELABORACION DE PRODUCTOS DE MAIZ GRAVADOS CON IVA
155101,ELABORAC. RECTIFICAC MEZCLA BEBIDAS ALCOHOLICAS/PROD. DE ALCOHOL ETÍLICO (SUSTAN
155103,ELABORACION DE BEBIDAS CON PORCENTAJE DE ALCOHOL POR VOLUMEN MENOR AL 15%.
155301,ELABORACION DE BEBIDAS MALTEADAS Y DE MALTA NO ARTESANALES
155302,ELABORACION ARTESANAL DE BEBIDAS MALTEADAS Y DE MALTA.
155403,ELABORACION DE BEBIDAS NO ALCOHOLICAS / GASEOSAS / AGUA MINERAL Y DE MANANTIAL
155404,ELABORACION DE CONCENTRADO PARA BEBIDAS NATURALES Y GASEOSAS
160001,ELABORACION DE PRODUCTOS DE TABACO
171101,FABRICACION DE TODO TIPO DE TELAS Y/O HILOS
171201,MAQUILA DE PRODUCTOS TEXTILES
171202,HIDROFUGADO/IMPERMEABILIZADO
172101,"FABRICACION DE ARTICULOS CONFECCIONADOS DE MATERIALES TEXTILES, EXEPTO PRENDAS D"
172103,DISEÑO ARTISTICO PARA COSTURA (MOLDES)
172201,FABRICACION DE TAPICES Y ALFOMBRAS
172301,"FABRICACION DE CUERDAS, CORDELES,BRAMANTES Y REDES"
172302,FABRICACION DE HILOS Y CUERDAS PARA USO AGRICOLA Y PESCA
172902,SERVICIO DE BORDADO A MANO O A MAQUINA
173001,FABRICACION DE TEJDOS Y ARTICULOS DE PUNTO Y GANCHILLO
181001,SERVICIOS DE COSTURA Y SASTRERIA (COSTURERAS Y SASTRES)
181002,FABRICACION DE PRENDAS DE VESTIR (ROPA DE TODO TIPO)
182001,ADOBO Y TEÑIDO DE PIELES; FABRICACIÓN DE ARTÍCULOS DE PIEL NATURAL O ARTIFICIAL
191101,"FABRICACIóN DE MALETAS, BOLSOS DE MANO Y ARTICULOS SIMILARES"
192001,FABRICACION DE  TODO TIPO DE ZAPATOS EXEPTO EL ORTOPEDICO
201002,ASERRADO Y ACEPILLADURA DE MADERA
202101,"FABRICACIÓN DE HOJAS DE MADERA PARA ENCHAPADO Y TABLEROS COMO PLYWOOD, DURPANEL"
202201,FABRICACION DE PARTES Y PIEZAS DE CARPINTERIA PARA EDIFICIOS Y CONSTRUCCIONES
202301,FABRICACIóN DE TARIMAS
202902,"FABRICACIóN  Y/O VENTA DE ATAUDES (CAJAS MORTUORIAS, FERETROS)."
210101,FABRICACION DE PAPEL Y CARTON Y ENVASES DE PAPEL Y CARTON
210201,FABRICACION DE OTROS ARTICULOS DE PAPEL Y CARTON
221101,EDICION DE LIBROS DE TEXTOS
221201,"EDICION DE PERIODICOS, REVISTAS Y OTRAS PUBLICACIONES PERIODICAS"
221901,ARTES GRáFICAS
222102,TIPOGRAFIA  Y/O LITOGRAFIA (IMPRENTA)
222104,IMPRESIÓN DIGITAL
222105,SERIGRAFIA
223001,REPRODUCCION DE GRABACIONES
232001,REFINERIAS DE PETROLEO
232002,FABRICACIÓN DE PRODUCTOS DIVERSOS DERIVADOS DEL PETRÓLEO
232005,ELABORACION DE BIOCOMBUSTIBLES
241101,FABRICACION DE SUSTANCIAS QUIMICAS Y GASES INDUSTRIALES EXCEPTO ABONOS
241201,FABRICACION DE ABONOS Y COMPUESTOS DE NITROGENO (ORGANICOS Y QUIMICOS)
241301,FABRICACION DE PLASTICOS Y CAUCHO SINTETICO EN FORMAS PRIMARIAS
241302,FABRICACIÓN DE RESINAS
242101,FABRICACION DE PLAGUICIDAS Y OTROS PRODUCTOS QUIMICOS DE USO AGROPECUARIO
242201,"FABRICACIÓN DE PINTURAS, BARNICES Y PRODUCTOS DE REVESTIMI-TO SIMILARES"
242202,FABRICACION DE TINTAS DE IMPRENTAS
242301,"FABRICACIÓN PRODUCTOS FARMACÉUTICOS, SUSTANCIAS QUÍMICAS  Y PRODUCTOS BOTANICOS"
242401,"FABRICACION JABONES, DETERGENTES, PREPARADOS DE TOCADOR, PARA LIMPIAR PULIR "
242404,FABRICACION DE JABONES DE TOCADOR
242405,FABRICACION DE JABONES PARA LAVAR (EXCEPTO PREPARACIONES TENSO ACTIVAS USADAS
242406,"FABRICACION DE CERAS, ABRILLANTADORES, LUSTRADORES Y PREPARACIONES SIMILARES"
242901,FABRICACION DE OTROS PRODUCTOS QUIMICOS.
242902,FABRICACION DE PEGAMENTOS Y ADHESIVOS
242903,REPARACION DE ARMAS DE FUEGO
243001,FABRICACION DE FIBRAS SINTETICAS
251101,FABRICACION DE LLANTAS Y CUBIERTAS PARA EQUIPO Y MAQUINARIAMOVIL
251102,REENCAUCHADORA DE LLANTAS
251901,FABRICACIÓN DE OTROS PRODUCTOS DE CAUCHO
252001,FABRICACION DE ARTICULOS DE PLASTICO
261001,FABRICACION DE VIDRIO Y PRODUCTOS DE VIDRIO
269101,FABRICACIÓN PRODUCTOS DE CERÁMICA BARRO LOZA Y/O PORCELANANO REFRACTARIA USO NO ESTRUCTURAL
269201,FABRICACION DE PRODUCTOS DE CERAMICA REFRACTARIA
269301,FABRICACIÓN DE PRODUCTOS DE ARCILLA Y CERÁMICA NO REFRACTARIAS PARA USO ESTRUCTURAL
269401,"FABRICACIÓN Y/O VENTA DE CEMENTO, CAL Y YESO"
269501,"FABRICACION DE ARTÍCULOS DE CEMENTO, YESO Y HORMIGON PARA LA CONSTRUCCION"
269601,"CORTE, TALLADO Y ACABADO DE LA PIEDRA"
269901,FABRICACIÓN DE OTROS PRODUCTOS MINERALES NO METÁLICOS N.C.P.
271001,INDUSTRIAS BÁSICAS DE HIERRO Y ACERO
272001,FABRICACIÓN DE PRODUCTOS PRIMARIOS DE METALES PRECIOSOS Y METALES NO FERROSOS
273101,FUNDICION DE HIERRO Y ACERO
273201,FUNDICIÓN DE METALES NO FERROSOS
281101,FABRICACION DE PRODUCTOS METALICOS PARA USO ESTRUCTURAL
281201,"FABRICACIÓN DE TANQUES, DEPÓSITOS Y RECIPIENTES DE METAL"
281301,"FABRICACIÓN GENERADORES DE VAPOR, EXCEPTO CALDERAS DE AGUA CALIENTE PARA CALEFACCIÓN"
289201,SERVICIOS DE SOLDADURA
289202,SERVICIO DE TRATAMIENTO Y REVESTIMIENTO DE TODO TIPO DE MATERIALES
289302,HOJALATERIA
289304,TALLER DE MECáNICA DE PRECISIÓN
289305,"FABRICACION DE PIEZAS, ARTICULOS Y ACCESORIOS DE METAL INCLUYE LAS CERRAJERIAS."
289306,SERVICIOS DE TORNO (MECANICA DE PRECISION)
289902,FABRICACIÓN DE OTROS PRODUCTOS ELABORADOS DE METAL N.C.P.
290001,SERVICIO DE REPARACION DE MAQUINARIA Y EQUIPO.
290003,SERVICIO DE MANTENIMIENTO DE MAQUINARIA Y EQUIPO.
291101,"FABRICACIÓN DE MOTORES Y TURBINAS, EXCEPTO MOTORES PARA AERONAVES, VEHÍCULOS AUT"
291201,"FABRICACIÓN DE BOMBAS, COMPRESORES, GRIFOS Y VÁLVULAS"
291202,VENTA DE BOMBAS DE AGUA
291401,FABRICACIÓN DE HORNOS Y QUEMADORES
291901,REPARACION DE EQUIPO DE REFRIGERACION Y CONGELACION
291903,INSTALACION Y/O MANTENIMIENTO DE EQUIPO DE REFRIGERACION Y CONGELACION
292101,FABRICACION DE MAQUINARIA AGRICOLA
292201,FABRICACIÓN DE MÁQUINAS HERRAMIENTA
292301,FABRICACIÓN DE MAQUINARIA METALÚRGICA
292401,FABRICACIÓN DE MAQUINARIA PARA LA EXPLOTACIÓN DE MINAS Y CANTERAS
292402,PERFORACION DE POZOS
292501,"FABRICACIÓN DE MAQUINARIA PARA LA ELABORACIÓN DE ALIMENTOS,BEBIDAS Y TABACO"
292601,"FABRICACIÓN MAQUINARIA PARA LA ELABORACIÓN DE PRODUCTOS TEXTILES, PRENDAS DE VES"
292701,FABRICACIÓN DE ARMAS Y MUNICIONES
292901,FABRICACIÓN DE OTROS TIPOS DE MAQUINARIA DE USO ESPECIAL
293001,FABRICACIÓN DE APARATOS DE USO DOMÉSTICO N.C.P.
300001,"FABRICACIÓN DE MAQUINARIA DE OFICINA, CONTABILIDAD E INFORMÁTICA"
311001,"FABRICACION DE MOTORES, GENERADORES Y TRANSFORMADORES ELECTRICOS, PARTES Y ACCESORIOS"
313001,FABRICACIÓN DE HILOS Y CABLES AISLADOS
314001,"FABRICACION DE PILAS, BATERIAS Y ACUMULADORES"
315001,FABRICACION DE LAMPARAS ELECTRICAS Y EQUIPO DE ILUMINACION
319001,FABRICACIÓN DE OTROS TIPOS DE EQUIPO ELÉCTRICO N.C.P.
321001,MANUFACTURA O FABRICACION DE OTROS COMPONENTES ELECTRONICOS
321002,DISEÑO DE COMPONENTES ELECTRONICOS
322001,FABRICACION DE TRANSMISORES Y RECEPTORES DE RADIO Y TELEVISION
331101,FABRICACION  DE PROTESIS EN GENERAL
331102,FABRICACION Y COMERCIALIZACION DE EQUIPO MEDICO
331103,FABRICACION Y COMERCIALIZACION DE ZAPATOS ORTOPEDICOS
331201,"FABRICACIÓN DE EQUIPOS PARA MEDIR, VERIFICAR, Y NAVEGAR Y DE EQUIPOS DE CONTROL"
332001,FABRICACIÓN DE INSTRUMENTOS OPTICOS Y EQUIPO FOTOGRÁFICO
333001,FABRICACION DE RELOJES DE TODO TIPO
341001,FABRICACIÓN DE VEHÍCULOS AUTOMOTORES
342001,"FABRICACIÓN DE CARROCERÍAS PARA VEHÍCULOS AUTOMOTORES, REMOLQUES Y SEMIREMOLQUES"
34200,2 FABRICACION DE CARROCERIAS PARA CAMIONES DE LAS PARTIDAS ARANCELARIAS 870790002
343001,"FABRICACIÓN DE PARTES, PIEZAS Y ACCESORIOS PARA VEHÍCULOS AUTOMOTORES"
351101,SERVICIO DE REPARACION DE EMBARCACIONES Y SUS PARTES Y/O ESTRUCTURAS FLOTANTES
351102,CONSTRUCCION DE EMBARCACIONES Y ESTRUCTURAS FLOTANTES
351103,VENTA DE EMBARCACIONES DE MOTOR Y VELA
352001,FABRICACIÓN DE LOCOMOTORAS Y  MATERIAL RODANTE PARA FERROCARRILES Y TRANVÍAS
353001,FABRICACIÓN DE AERONAVES Y NAVES ESPACIALES Y MAQUINARIA CONEXA
359101,"FABRICACIÓN DE MOTOCICLETAS, PARTES, PIEZAS Y SUS ACCESORIOS"
359201,"FABRICACION DE BICICLETAS Y SILLAS DE RUEDAS, PARTES, PIEZAS Y SUS ACCESORIOS"
359901,FABRICACIÓN DE OTROS TIPOS DE EQUIPO DE TRANSPORTE N.C.P.
361001,FABRICACION Y/O REPARACION DE MUEBLES Y ACCESORIOS (INCLUYECOLCHONES)
361002,REPARACIóN DE TAPICERíA
361004,MAQUILA DE MUEBLES
369101,"FABRICACIÓN DE JOYAS, BISUTERIA Y ARTÍCULOS CONEXOS"
369201,"FABRICACION DE INSTRUMENTOS MUSICALES, PARTES Y PIEZAS Y SUS ACCESORIOS"
369301,FABRICACIÓN DE ARTÍCULOS DE DEPORTE
369401,FABRICACION DE JUEGOS Y JUGUETES
369901,FABRICACIÓN DE  ESCOBAS
369902,"FABRICACIóN DE VELAS (CANDELAS) EXCEPTO LAS PERFUMADAS, COLOREADAS Y DECORADAS."
369903,"FABRICACIóN DE VELAS COLOREADAS, PERFUMADAS Y DECORADAS"
369904,"FABRICACION DE SELLOS DE MANO, METAL O HULE (CAUCHO)"
371001,RECICLAJE DE DESPERDICIOS Y DESECHOS METáLICOS
372001,RECICLAJE DE OTRO TIPO DE MATERIALES N.C.P.
372003,RECICLAJE DE PAPEL Y PLASTICO Y MATERIALES RELACIONADOS
401002,"GENERACIÓN Y/O DISTRIBUCION DE ENERGIA ELECTRICA (HIDRAULICA,CONVENCIONAL, TERMI"
401004,"FABRICACION, ENSAMBLE Y VENTA DE SISTEMAS PARA EL APROVECHAMIENTO DE ENERGIAS RE"
402001,FABRICACIÓN DE GAS; DISTRIBUCIÓN DE COMBUSTIBLES GASEOSOS POR TUBERÍAS
402002,INSTALACION Y VENTA DE TANQUES PARA GAS
403001,SUMINISTRO DE VAPOR Y AIRE ACONDICIONADO
410001,"CAPTACION, TRATAMIENTO Y DISTRIBUCION DE AGUA"
451001,DEMOLICION DE EDIFICIOS Y OTRAS ESTRUCTURAS
451002,PREPARACIóN DE TERRENOS
452002,"CONSTRUCCION DE EDIFICIOS, APARTAMENTOS, CONDOMINIOS  Y CASAS DE HABITACION"
452003,"MANTENIMIENTO, REPARACION Y AMPLIACIONES DE EDIFICIOS, APARTAMENTOS, CONDOMINIOS"
452005,CONSTRUCCION Y MANTENIMIENTO DE CARRETERAS Y OTRAS VIAS
452006,ACTIVIDADES DE CONSTRUCCIÓN ESPECIALES
453001,REPARACION DE AIRE ACONDICIONADO
453002,REPARACIóN  DE ASCENSORES(ELEVADORES)
453003,VENTA E INSTALACION DE ALARMAS Y OTROS SISTEMAS ELECTRICOS
453004,REPARACION DE CABLEADO DE COMUNICACIONES
453005,INSTALACIÓN DE ALARMAS Y OTROS SISTEMAS DE SEGURIDAD
453006,INSTALACION Y MANTENIMIENTO DE AIRE ACONDICIONADO
453007,INSTALACION Y MANTENIMIENTO DE ASCENSORES (ELEVADORES)
453008,INSTALACION Y MANTENIMIENTO DE CABLEADO DE COMUNICACIONES Y/O ENERGIA ELECTRICA
453009,REPARACION DE PORTONES ELECTRICOS
453010,INSTALACION Y MANTENIMIENTO DE PORTONES ELECTRICOS
453011,INSTALACION Y MANTENIMIENTO DE CONMUTADORES Y OTROS SISTEMAS PARA TELECOMUNICACI
454001,SERVICIOS DE TERMINACIÓN Y ACABADO DE EDIFICIOS
455001,ALQUILER DE EQUIPO DE CONSTRUCCION O DEMOLICION CON OPERADORES
501001,VENTA AL POR MAYOR Y MENOR DE VEHICULOS NUEVOS Y/O USADOS (PARTIDAS ARANCELARIAS 8702 Y 8704)
501002,"VENTA AL POR MAYOR Y MENOR DE VEHICULOS NUEVOS Y/O USADOS, EXCEPTO PARTIDAS ARANCELARIAS 8702 Y 8704"
502001,"LAVADO, ENCERADO Y PULIDO DE AUTOMÓVILES (LAVA CAR)"
502002,SERVICIOS DE  ALINEAMIENTO Y REPARACIÓN DE LLANTAS
502003,SERVICIO DE REPARACION DE TODA CLASE DE VEHICULOS Y SUS PARTES
502004,SERVICIO DE ENDEREZADO Y PINTURA PARA TODA CLASE DE VEHICULO
502007,AUTODECORACIóN
502008,SERVICIO DE REVISION TECNICA VEHICULAR(DIAGNOSTICOS POR ESCANER)
503002,VENTA DE REPUESTOS USADOS PARA AUTOMOVILES
503004,VENTA DE REPUESTOS NUEVOS PARA AUTOMOVILES
503005,COMERCIALIZACION DE LLANTAS (NEUMATICAS) PARA VEHICULOS AUTOMOTORES
503006,ACTIVIDADES DE DESARME DE VEHICULOS Y VENTA DE REPUESTOS
504001,VENTA DE MOTOCICLETAS
504003,VENTA DE PARTES O ACCESORIOS DE MOTOCICLETAS
504004,SERVICIO DE REPARACION DE TODA CLASE DE MOTOCICLETAS Y SUS PARTES
505001,VENTA DE COMBUSTIBLES (CONOCIDAS COMO GASOLINERAS O BOMBAS)
505002,"VENTA DE LUBRICANTES, ACEITES, GRASAS Y PRODUCTOS DE LIMPIEZA PARA AUTOMOTORES"
505003,COMERCIO DE COMBUSTIBLE SIN PUNTO FIJO (PEDDLER)
511001,"COMISIONISTAS, AGENTES DE VENTAS, ORGANIZADORES DE SUBASTAS,TIQUETERAS, ETC."
512102,VENTA AL POR MAYOR DE FLORES Y PLANTAS DE TODO TIPO
512201,VENTA AL POR MAYOR DE OTROS ALIMENTOS INCLUIDOS EN CANASTA BÁSICA
512202,VENTA AL POR MAYOR DE FRUTAS Y VERDURAS FRESCAS INCLUIDAS EN CANASTA BÁSICA
512204,COMERCIO AL POR MAYOR DE PRODUCTOS LáCTEOS
512208,COMERCIO AL POR MAYOR DE PRODUCTOS DE CONFITERíA
512209,COMERCIO AL POR MAYOR DE PRODUCTOS DE TABACO
512210,COMERCIO AL POR MAYOR DE BEBIDAS CON CONTENIDO ALCOHOLICO (IMPORTADORES)
512211,COMERCIO AL POR MAYOR DE OTROS ALIMENTOS N.C.P. GRAVADOS CON IVA
512213,COMERCIO AL POR MAYOR DE BEBIDAS GASEOSAS Y CARBONATADAS
512214,"VENTA AL POR MAYOR DE CAFE (EXCEPTO EL ENVASADO, ENLATADO, SOLUBLE, DESCAFEINADO"
512217,COMERCIO AL POR MAYOR DE VINOS. BEBIDAS FERMENTADAS Y NO FERMENTADAS
512225,"COMERCIO AL POR MAYOR DE BEBIDAS NO ALCOHOLICAS (JUGOS DEFRUTAS, VEGETALES) Y AG"
512232,COMERCIO AL POR MAYOR DE PRODUCTOS SUSTITUTOS DEL AZUCAR
512233,VENTA AL POR MAYOR DE CARNES Y PRODUCTOS CÁRNICOS
512234,COMERCIO AL POR MAYOR DE CERVEZA IMPORTADA
512235,VENTA AL POR MAYOR DE FRUTAS Y VERDURAS FRESCAS NO INCLUIDAS EN CANASTA BÁSICA
513101,"VENTA AL POR MAYOR DE  CALZADO, PRODUCTOS TEXTíLES; PRENDAS DE VESTIR"
513501,VENTA AL POR MAYOR DE PREPARADOS Y/O ARTICULOS PARA LA LIMPIEZA DE USO GENERAL
513602,VENTA AL POR MAYOR DE PRODUCTOS VETERINARIOS GRAVADOS CON IVA
513604,VENTA AL POR MAYOR EQUIPO MÉDICO ACCESORIO MEDICAMENTO PRODUC FARMACEUTICO GRAVADOS IVA
513710,VENTA AL POR MAYOR DE LIBROS (EXCEPTO EN MEDIOS ELECTRÓNICOS)
513901,VENTA AL POR MENOR DE ARTICULOS DEPORTIVOS
513904,VENTA AL POR MAYOR DE SUMINISTROS Y ARTíCULOS DE LIBRERíA
513906,"VENTA AL POR MAYOR DE ARTICULOS, ARTEFACTOS, DISCOS Y MUEBLES PARA EL HOGAR"
513907,VENTA AL POR MAYOR DE DISCOS COMPACTOS Y OTROS DISPOSITIVOSDE GRABACION
513910,VENTA AL POR MAYOR DE TODO TIPO DE ARTICULOS POR CATALOGO
514101,VENTA AL POR MAYOR DE COMBUSTIBLES SOLIDOS (LEÑA Y SIMILARES)
514103,VENTA AL POR MAYOR DE COMBUSTIBLES SOLIDOS (CARBON)
514201,VENTA AL POR MAYOR DE METALES Y MINERALES METALÍFEROS
514304,VENTA AL POR MAYOR DE EQUIPO DE AIRE ACONDICIONADO Y CALENTADORES (ELECTRICOS)
514308,"VENTA AL POR MAYOR DE  MATERIALES PARA LA CONTRUCCION, ARTICULOS DE FERRETERIA,"
514701,"VENTA AL POR MAYOR DE PRODUCTOS,SUSTANCIAS O REACTIVOS QUIMICOS Y SOLVENTES"
514901,VENTA AL POR MAYOR  Y AL POR MENOR DE CHATARRA
514903,VENTA AL POR MAYOR DE PRODUCTOS PARA USO AGROPECUARIO Y VENTA DESECHOS ORGANICOS
515001,"VENTA AL POR MAYOR DE MAQUINARIA Y EQUIPO INDUSTRIAL, DE CONSTRUCCION, INGENIERIA"
515002,VENTA AL POR MAYOR DE REPUESTOS Y/O ACCESORIOS PARA MAQUINARIA Y EQUIPO AGROPECUARIO
515003,VENTA AL POR MAYOR DE MAQUINARIA Y EQUIPO AGROPECUARIO
515004,VENTA AL POR MAYOR DE EXTINTORES Y EQUIPO SIMILAR
515201,"VENTA AL  POR MAYOR DE EQUIPO DE COMPUTO, SUS PARTES Y ACCESORIOS"
515203,VENTA AL POR MAYOR DE EQUIPO Y SUMINISTROS DE OFICINA
519003,"VENTA AL POR MAYOR DE EQUIPO, ARTICULOS Y ACCESORIOS DE BELLEZA, COSMETICOS E HIGIENE"
519005,VENTA AL POR MAYOR DE EQUIPO PARA CAMPO DE JUEGOS (PLAY)
519006,DISTRIBUCION Y COMERCIALIZACION AL POR MAYOR DE MATERIAL DEEMPAQUE
519010,COMERCIALIZACION Y DISTRIBUCION AL POR MAYOR DE ALIMENTOS PREPARADOS PARA ANIMAL
519011,COMERCIO AL POR MAYOR DE EQUIPO Y ACCESORIOS PARA PESCA DEPORTIVA O ARTESANAL
519013,COMERCIALIZACION AL POR MAYOR DE SUPLEMENTOS ALIMENTICIOS
519014,VENTA AL POR MAYOR DE POLEN Y/O  SEMILLAS PARA USO AGRICOLA
519015,VENTA AL POR MAYOR DE OTROS PRODUCTOS NO ESPECIALIZADOS
519016,VENTA AL POR MAYOR DE ARTICULOS Y ACCESORIOS ELECTRONICOS
521101,"VENTA AL POR MENOR EN SUPERMERCADOS, ALMACENES Y SIMILARES DE PRODUCTOS ALIMENTICIOS"
521102,"VENTA AL POR MENOR DE ESPECIAS, SALSAS Y CONDIMENTOS"
521201,VENTA AL POR MENOR EN TIENDAS POR DEPARTAMENTOS
521202,PULPERíAS ( MINI-SUPER)(SIN CANTINA)
521901,VENTA AL POR MENOR EN TIENDAS POR DEPARTAMENTOS
522001,COMERCIO AL POR MENOR DE CONFITES Y OTROS PRODUCTOS RELACIONADOS (CONFITERIA)
522002,"VENTA AL POR MENOR DE CARNE DE BOVINO, PORCINO Y AVES (ADEMÁS EMBUTIDOS), INCLUIDOS EN CANASTA BÁSICA"
522003,MACROBIóTICAS
522004,VENTA AL POR MENOR DE PRUTAS Y VERDURAS FRESCAS INCLUIDAS EN CANASTA BÁSICA
522005,VENTA AL POR MENOR DE PESCADOS INCLUIDOS EN CANASTA BÁSICA
522007,LICORERíAS Y/O DEPOSITO DE LICORES (VENTA AL POR MENOR)
522008,VENTA AL POR MENOR DE HUEVOS DE GALLINA INCLUIDOS EN LA CANASTA BASICA
522009,"VENTA AL POR MENOR DE PRUTAS Y VERDURAS FRESCAS, NO INCLUIDAS EN CANASTA BÁSICA"
522011,"PREPARACIÓN, SERVICIO Y VENTA DE FRUTAS PICADAS Y BEBIDAS DE FRUTAS Y/O LEGUMBRE"
522012,COMERCIO AL POR MENOR DE BEBIDAS GASEOSAS Y CARBONATADAS
522013,COMERCIO AL POR MENOR DE AGUA EMBOTELLADA
522016,COMERCIO AL POR MENOR DE PRODUCTOS DE TABACO
522017,"VENTA AL POR MENOR DE CARNE DE BOVINO, PORCINO Y AVES (ADEMÁS EMBUTIDOS) NO INCLUIDOS EN CANASTA BÁSICA"
522018,"VENTA AL POR MENOR  DE PESCADOS Y MARISCOS , ASI COMO OTROS PRODUCTOS DE ORIGEN MARINO"
522020,VENTA AL POR MENOR DE OTROS ALIMENTOS INCLUIDOS EN CANASTA BÁSICA
522021,VENTA AL POR MENOR DE OTROS ALIMENTOS NO INCLUIDOS EN CANASTA BÁSICA
523101,FARMACIAS
523102,VENTA AL POR MENOR DE COSMETICOS Y PERFUMERIA
523103,VENTA AL POR MENOR DE PRÓTESIS EN GENERAL
523201,BAZARES
523202,VENTA AL POR MENOR DE ROPA (BOUTIQUE)
523203,VENTA AL POR MENOR DE CALZADO (ZAPATAERIAS)
523204,PASAMANERíAS
523205,"VENTA AL POR MENOR DE PRENDAS DE VESTIR, ROPA Y ZAPATOS (TIENDAS)"
523206,SERVICIO DE FOTOCOPIADORA
523207,VENTA AL POR MENOR DE ARTíCULOS DE CUERO (EXCEPTO CALZADO)
523208,VENTA AL POR MENOR DE PRODUCTOS TEXTILES (TELAS)
523209,VENTA AL POR MENOR DE MATERIALES PARA CALZADO
523301,COMERCIO AL POR MENOR DE OBJETOS DE CERAMICA  Y PORCELANA
523302,VENTA AL POR MENOR DE CRISTALERíA
523303,"VENTA AL POR MENOR DE DISCOS, CD'S Y OTROS SIMILARES"
523304,"VENTA AL POR MENOR DE ELECTRODOMESTICOS, MUEBLES Y ARTICULOS PARA EL HOGAR"
523306,VENTA AL POR MENOR DE ANTIGUEDADES
523308,"VENTA AL POR MENOR DE INSTRUMENTOS MUSICALES, PARTES Y ACCESORIOS"
523309,VENTA DE CUADROS PINTURAS HECHAS POR PINTORES NACIONALES Y EXTRANJEROS PRODUCIDO
523401,VENTA AL POR MENOR DE DEPóSITO DE MADERA
523402,VENTA AL POR MENOR ARTÍCULOS DE FERRETERÍA PINTURAS MADERA Y MATERIALES PARA LA CONSTRUCCIÓN
523403,VENTA DE PINTURAS
523404,VENTA AL POR MENOR DE VIDRIO PARA LA CONSTRUCCION
523405,VENTA AL POR MENOR DE MATERIALES PARA LA CONSTRUCCION
523406,"VENTA AL POR MENOR DE ARTICULOS ELECTRONICOS, ELECTRICOS Y SIMILARES"
523407,VENTA AL POR MENOR DE PLYWOOD
523501,VENTA AL POR MENOR REALIZADA DENTRO DEL DEPÓSITO LIBRE COMERCIAL DE GOLFITO.
523601,"COMERCIO AL POR MENOR DE COMPUTADORAS, ACCESORIOS, MICROCOMPONENTES Y PAQUETES "
523701,LIBRERÍAS
523702,VENTA AL POR MENOR DE REVISTAS/PERIODICOS EN PUESTOS DE VENTAS O MERCADOS
523703,VENTA AL POR MENOR DE LIBROS (EXCEPTO EN MEDIOS ELECTRÓNICOS)
523801,VENTA AL POR MENOR DE ARMAS (ARMERIAS)
523803,VENTA AL POR MENOR DE MAQUINARIA Y EQUIPO DE TODO TIPO Y ARTICULOS CONEXOS
523805,"VENTA AL POR MENOR DE PURIFICADORES DE AGUA, SUS PARTES Y REPUESTOS"
523806,VENTA AL POR MENOR DE MAQUINARIA INDUSTRIAL USADA
523807,"VENTA AL POR MENOR DE REPUESTOS NUEVOS PARA MAQUINARIA, EQUIPO Y OTROS"
523808,"VENTA AL POR MENOR DE REPUESTOS USADOS PARA MAQUINARIA, EQUIPO Y OTROS"
523901,VENTA AL POR MENOR DE OTROS PRODUCTOS EN ALMACENES ESPECIALIZADOS
523902,VENTA AL POR MENOR DE SUMINISTROS Y/0 EQUIPO DE OFICINA
523903,VENTA AL POR MENOR DE FLORES
523904,SERVICIOS DE REPARACION DE JOYERIA Y RELOJERIA EN GENERAL
523905,"VENTA AL POR MENOR DE JOYERíA, RELOJERIA Y BISUTERIA"
523906,VENTA AL POR MENOR CELULARES ACCESORIOS EQUIPO Y ART PARA COMUNICACIONES
523907,FLORISTERIA
523908,COMERCIO AL POR MENOR DE ANIMALES DOMÉSTICOS PARA CONSUMO HUMANO
523909,VENTA DE PRODUCTOS DE ARTESANIA Y SOUVENIR
523910,VENTA AL POR MENOR DE JUGUETES Y/O ARTICULOS DE ESPARCIMIENTO
523911,VENTA AL POR MENOR DE OTROS PRODUCTOS NUEVOS EN COMERCIOS ESPECIALIZADOS NO INCLUIDOS EN CANASTA BÁSICA
523912,VENTA AL POR MENOR Y MAYOR DE PRODUCTOS E INSUMOS AGROPECUARIOS
523913,VENTA AL POR MENOR DE ANIMALES DOMESTICOS PARA MASCOTAS.
523915,DISTRIBUCION Y VENTA DE GAS EN CILINDRO
523916,COMERCIO AL POR MENOR DE ALIMENTOS Y PRODUCTOS N.C.P. EXENTOS DE IVA
523917,VENTA AL POR MENOR DE BICICLETAS Y SUS ACCESORIOS
523918,VENTA AL POR MENOR DE EQUIPO DE AUDIO Y VIDEO
523919,VENTA AL POR MENOR DE ARTICULOS Y ACCESORIOS ORTOPEDICOS
523920,VENTA AL POR MENOR DE ANTEOJOS Y ARTICULOS OPTICOS (OPTICA)
523921,"VENTA AL POR MENOR DE CAJAS REGISTRADORAS, CALCULADORAS O MAQUINAS DE CONTABILIDAD"
523922,VENTA AL POR MENOR DE POLEN Y SEMILLAS
523923,VENTA AL POR MENOR DE REPUESTOS PARA ELECTRODOMESTICOS
523925,VENTA AL POR MENOR DE EXTINTORES
523926,MANTENIMIENTO DE EXTINTORES
523927,REPARACION EQUIPO DE AUDIO Y VIDEO
523929,VENTA DE PERROS ENTRENADOS PARA SEGURIDAD
523930,VENTA AL POR MENOR DE PIEZAS DE BAMBU
523935,VENTA AL POR MENOR DE OTROS PRODUCTOS NUEVOS EN COMERCIOS ESPECIALIZADOS NO INCLUIDOS EN CANASTA BÁSICA
524001,VENTA DE TODO TIPO DE ARTICULOS USADOS
524002,CASA DE EMPEñO Y AFíN
524004,VENTA DE LIBROS USADOS
524005,"VENTA DE MONEDAS, BILLETES,ESTAMPILLAS (NUEVAS Y USADAS) PARA COLECCION "
525101,VENTA AL POR MENOR DE TODO TIPO DE ARTICULOS POR CATALOGO
525201,VENTA DE REVISTAS/PERIÓDICOS (PUESTOS CALLEJEROS)
525301,VENTA AL POR MENOR DE LOTERIA Y SIMILARES
525303,EMISIÓN DE LA LOTERIA NACIONAL Y SIMILARES
525901,VENTA DE ALFOMBRAS Y TAPICES
525902,VENTA AMBULANTE DE ARTICULOS PARA EL HOGAR
525903,VENTA DE LIBROS A DOMICILIO
525904,TRABAJOS DE  MANUALIDADES
525905,"VENTA AL POR MENOR DE TARJETAS TELEFóNICAS, PINES, TIEMPO AIRE Y SIMILARES"
526001,SERVICIOS DE REPARACIÓN DE ZAPATOS
526002,REPARACION DE MUEBLES Y ACCESORIOS DOMESTICOS
526003,REPARACION DE BICICLETAS
526005,"ELECTRICISTA, SERVICIOS"
526006,REPARACION DE ARTICULOS ELECTRICOS
526008,REPARACION Y MANTENIMIENTO DE PERSIANAS Y CORTINAS
526010,INSTALACION Y MANTENIMIENTO DE PERSIANAS Y CORTINAS
526011,REPARACION Y MANTENIMIENTO DE EQUIPO PARA TELECOMUNICACIONES
526012,"INSTALACION Y MANTENIMIENTO DE PISCINAS,JACUZZIS Y SIMILARES"
551002,HOTEL
551004,"MOTEL Y/O SERVICIO DE HABITACION OCASIONAL, ALBERGUES, POSADAS Y SIMILARES"
551005,SERVICIO DE SALAS VIP Y PREMIUN EN AEROPUERTOS
552001,"BARES, CANTINAS O TABERNAS"
552002,CAFETERíAS
552003,SERVICIOS DE CATERING SERVICE
552004,"SERVICIO DE RESTAURANTE, CAFETERIAS, SODAS Y OTROS EXPENDIOS DE COMIDA"
552005,SODAS
552007,OTROS EXPENDIOS DE COMIDAS
601001,SERVICIO DE TRANSPORTE POR VÍA FÉRREA
602001,SERVICIO DE TRANSPORTE DE CARGA POR VÍA TERRESTRE
602002,TRANSPORTE DE  PRODUCTOS DERIVADOS DEL PETROLEO
602101,TRANSPORTE REGULAR DE ESTUDIANTES Y EMPLEADOS POR VIA TERRESTRE
602102,TRANSPORTE REGULAR DE PASAJEROS POR VIA TERRESTRE
602201,TRANSPORTE NO REGULAR DE PASAJEROS POR VIA TERRESTRE (EXCURSIONES)
602202,SERVICIO DE TAXI
602203,SERVICIO ESPECIAL ESTABLE DE TAXI (SEETAXI)
602301,SERVICIO DE ACARREO Y DISTRIBUCION DE TODO TIPO DE MERCANCIA (INCLUYE LA MUDANZA
602302,SERVICIOS DE GRUA
602304,SERVICIO DE MUDANZA INTERNACIONAL
603001,SERVICIO DE TRANSPORTE POR TUBERÍAS
611001,TRANSPORTE DE CARGA POR  VIA ACUATICA
611002,TRANSPORTE DE CABOTAJE DE PASAJEROS POR  VIA ACUATICA
621001,SERVICIO DE TRANSPORTE DE CARGA POR VIA AEREA
621002,SERVICIO DE TRANSPORTE AEREO REGULADO DE PASAJEROS (LINEAS AEREAS)
621003,SERVICIO DE PILOTAJE
622001,SERVICIO DE TRANSPORTE AEREO NO REGULAR DE PASAJEROS
630001,PRESTACION DE SERVICIOS DE TRANSITO AEREO
630101,SERVICIO DE CONSOLIDACION DE CARGA Y DESCARGA
630201,SERVICIOS DE ALMACENAJE
630301,PARQUEOS/ESTACIONAMIENTO DE VEHíCULOS
630302,"FUNCIONAMIENTO DE INSTALACIONES TERMINALES COMO PUERTOS, MUELLES Y AEROPUERTOS"
630303,PERMISO DE PASO POR PROPIEDADES PRIVADAS (PEAJE)
630401,ACTIVIDADES DE AGENCIAS DE VIAJES
630403,ACTIVIDADES DE OPERADORES TURÍSTICOS (GUIA  DE TURISMO)
630405,EXPLOTACIóN DE ACTIVIDADES TURíSTICAS(CUYA PRESTACION NO SEA REALIZADA POR UN CE
630901,ALMACENES FISCALES (DEPOSITOS ADUANEROS) Y ESTACIONAMIENTOSTRANSITORIOS
630903,AGENCIA DE TRANSPORTE (NAVIERA)
630904,AGENTE ADUANERO INDEPENDIENTE Y AGENCIA DE ADUANAS
641101,ACTIVIDADES POSTALES Y DE CORREO
642001,"SERVICIOS DE RADIO-MENSAJES, RADIOLOCALIZADORES Y SIMILARES"
642002,"SERVICIO DE TELEVISION POR CABLE, SATELITE U OTROS SISTEMA S SIMILARES"
642003,MANTENIMIENTO DE REDES DE TELECOMUNICACION
642004,SERVICIO DE RADIO FRECUENCIA
642005,"SERVICIOS TELEFONICOS, TELEGRAFICOS Y POR TELEX"
642007,VENTA DE ESPACIO EN EL CABLE SUBMARINO
642008,"SERVICIO DE TRANSMISION  DE  DATOS, TEXTO, SONIDO, VOZ  Y VIDEO POR MEDIO DE LA"
642009,SERVICIOS DIGITALES O DE TELECOMUNICACIONES E INTANGIBLES PRESTADOS DESDE EL EXTERIOR
651101,BANCA CENTRAL
651901,COOPERATIVAS DE AHORRO Y CREDITO
651903,BANCOS ESTATALES (EXCEPTO EL BANCO CENTRAL)
651904,ENTIDADES FINANCIERAS PRIVADAS (BANCOS)
651905,SERVICIO DE ENVIO Y RECIBO DE DINERO
651906,INSTITUCIONES DE AHORRO Y CREDITO PARA VIVIENDA
659101,ARRENDAMIENTO OPERATIVO EN FUNCION FINANCIERA CON OPCION DECOMPRA O RENOVACION (
659201,ENTIDADES FINANCIERAS DISTINTAS AL SISTEMA BANCARIO NACIONAL
659202,EMISORAS Y PROCESADORAS DE TARJETAS DE CREDITO
659901,SERVICIO DE PRESTAMO (PRESTAMISTAS)
659902,FIDEICOMISOS Y/O ADMINISTRADORES DE FONDOS DE INVERSION
659903,SOCIEDADES DE INVERSION MOBILIARIA
659904,SERVICIO RECUPERACION DE DEUDAS (FACTORE0)
659905,FONDOS DE INVERSION
659906,ACTIVIDADES DE SOCIEDADES DE CARTERA (HOLDING)
659907,INGRESOS POR INTERESES DIFERENTES AL COMERCIO DEL PRESTAMO
659908,FONDOS DE LA LEY DEL SISTEMA DE BANCA PARA EL DESARROLLO
659909,FIDEICOMISOS DE LA LEY DEL SISTEMA DE BANCA PARA EL DESARROLLO
660101,SEGUROS DE VIDA
660201,OPERADORAS DE PENSIONES
660202,FONDOS DE OPERADORAS DE PENSIONES EXENTOS DEL 8%
660301,AGENTES DE SEGUROS
660302,COMERCIALIZADORES DE SEGUROS
660303,SEGUROS GENERALES
671101,ADMINISTRACIÓN DE MERCADOS FINANCIEROS
671201,CORREDORES DE BOLSA
671202,PUESTOS DE BOLSA
671901,PUESTOS Y/O CASAS DE CAMBIO DE MONEDA EXTRANJERA
671902,ASESORES FINANCIEROS Y ACTIVIDADES AUXILIARES DE LA INTERMEDICIACION FINANCIERA
672001,ACTIVIDADES AUXILIARES DE LA FINANCIACIÓN DE PLANES DE SEGUROS Y DE PENSIONES
701001,ACTIVIDADES INMOBILIARIAS (ALQUILER DE VIVIENDA SUPERIOR A 1.5 SALARIO BASE)
701002,ALQUILER DE LOCALES COMERCIALES Y CENTROS COMERCIALES
701003,COMPRA Y VENTA DE PROPIEDADES (INVERSIONISTAS)
701004,ALQUILER DE EDIFICIOS Y PROPIEDADES DIFERENTES A CASAS DE HABITACION
701005,ALQUILER DE MARCAS REGISTRADAS
701006,"ALQUILER DE PATENTES (DE LICORES, UNICAMENTE)"
701007,EXPLOTACION DE FRANQUICIAS
701008,ACTIVIDADES INMOBILIARIAS (ALQUILER DE VIVIENDA INFERIOR A 1.5 SALARIO BASE)
702001,AGENTES O CORREDORES DE BIENES RAICES
702003,"ADMINISTRACIóN, MANTENIMIENTO, REPARACIóN Y LIMPIEZA DE LOS SERVICIOS Y BIENES COMUNES DE LA PROPIEDAD EN CONDOMINIO"
711101,ALQUILER DE AUTOMOVILES  DE TODO TIPO
711102,ALQUILER DE MOTOCICLETA/SERVICIO
711103,"ALQUILER DE EQUIPO DE TRANSPORTE POR VIA TERRESTRE, ACUATICA O AEREA"
711105,ALQUILER DE CARRITOS DE GOLF Y OTROS
712101,ALQUILER DE MAQUINARIA Y EQUIPO PARA USO AGRICOLA
712201,ALQUILER DE MAQUINARIA Y EQUIPO DE CONSTRUCCIÓN E INGENIERÍA CIVIL
712301,SERVICIOS DE INTERNET EN LOCALES PUBLICOS ( CAFE INTERNET )
712302,ALQUILER DE MAQUINARIA Y EQUIPO DE OFICINA
712901,ALQUILER DE MáQUINAS EXPENDEDORAS DE ALIMENTOS Y OTROS
712902,ALQUILER DE MAQUINAS DE ENTRETENIMIENTO (CON MONEDAS)
712904,ALQUILER DE PELICULAS CINEMATOGRAFICAS (VIDEO CLUB) Y/O VIDEO JUEGOS
712905,"ALQUILER DE EQUIPO PARA RADIO, TELEVISIóN Y COMUNICACIONES"
712906,ALQUILER DE EQUIPO PARA DISPENSAR BILLETES (CAJERO AUTOMá-TICO)
712907,ALQUILER MAQUINARIA Y EQUIPO PARA LA ELABORACION Y/O MANTENIMIENTO DE PRODUCTOS
712909,ALQUILER DE OTROS TIPOS DE MAQUINARIA Y EQUIPO PARA USO COMERCIAL
712910,ALQUILER DE MAQUINARIA Y/O EQUIPO PARA USO INDUSTRIAL
712911,ALQUILER DE RAMPAS Y SIMILARES
713001,ALQUILER DE MENAJE
713002,ALQUILER DE EQUIPO RECREATIVO Y DEPORTIVO
713003,ALQUILER DE EQUIPO MEDICO Y ARTICULOS CONEXOS
713012,ALQUILER DE TRAJES DE TODO TIPO
713013,ALQUILER DE EQUIPO Y UTENSILIOS PARA EVENTOS ESPECIALES
713053,"ALQUILER DE ANIMALES (CABALLOS, SERPIENTES, ETC)"
721001,CONSULTORES INFORMÁTICOS
722003,"DISEÑADOR GRAFICO, DE SOFWARE Y PAGINAS WEB"
723001,PROCESAMIENTO DE DATOS
724001,ACTIVIDADES RELACIONADAS CON BASES DE DATOS
725001,REPARACION DE EQUIPO DE COMPUTO
725002,MANTENIMIENTO DE EQUIPO DE COMPUTO
725003,"REPARACIÓN CAJAS REGISTRADORAS, CALCULADORAS, MAQUINAS DE CONTABILIDAD Y EQUIPO"
725004,"MANTENIMIENTO DE CAJAS REGISTRADORAS, CALCULADORAS, MAQUINAS DE CONTABILIDAD"
729001,OTRAS ACTIVIDADES DE INFORMÁTICA
731001,INVESTIGACION Y DESARROLLO EXPERIMENTAL EN EL CAMPO DE LAS CIENCIAS NATURALES
731003,METEOROLOGO POR CUENTA PROPIA
732001,INVESTIGACIONES Y DESARROLLO EXPERIMENTAL EN EL CAMPO DE LAS CIENCIAS SOCIALES
741101,"BUFFETE DE ABOGADO, NOTARIO, ASESOR LEGAL"
741203,"ACTVIDAD DE CONTABILIDAD (CONTADORES), TENEDURIA DE LIBROS,AUDITORIA Y ASESOR FINANCIERO"
741301,ASESORES EN MERCADEO Y VENTAS
74130,2 ENCUESTAS DE OPINIóN PúBLICA
741401,ECONOMISTAS
741402,ASESORAMIENTO EMPRESARIAL Y EN MATERIA DE GESTIÓN (HANDLING)
741407,ASESOR ADUANERO
741408,"CORRESPONSAL DE RADIO, TELEVISION Y PRENSA ESCRITA"
742102,ACTIVIDADES DE ARQUITECTURA E INGENIERÍA
742105,SERVICIOS DE CONSULTORIA EN MANTENIMIENTO INDUSTRIAL Y MECANICO
742107,QUIMICOS
742108,ACTIVIDADES DE GEOGRAFIA Y/O GEOLOGIA
742110,BIOLOGO POR CUENTA PROPIA
74211,2 DIBUJANTE ARQUITECTONICO Y/O PLANOS DE CONSTRUCCION
742201,ENSAYOS Y ANÁLISIS TÉCNICOS
742202,PROFESIONALES EN TECNOLOGÍA DE ALIMENTOS
743001,PUBLICIDAD
743004,SERVICIOS DE PUBLICIDAD
743005,ALQUILER DE ESPACIOS PUBLICITARIOS
743006,PUBLICIDAD A TRAVES DE MEDIOS ELECTRONICOS
749101,SERVICIOS DE ADMINISTRACIÓN DE PERSONAL
749102,SERVICIOS DE BIBLIOTECOLOGíA
749201,"SERVICIOS DE INVESTIGACION, SEGURIDAD PRIVADA, AGENCIAS Y CONSULTORES"
749204,INSTRUCTOR DE TIRO (MANEJO DE ARMAS).
749301,SERVICIOS DE FUMIGACIóN (NO AGRíCOLA)
749302,SERVICIOS DE LIMPIEZA (INTERIORES Y EXTERIORES)
749401,ESTUDIOS FOTOGRAFICOS
749402,SERVICIO DE FOTOGRAFIA (FOTOGRAFO)
749501,SERVICIOS DE ENVASE Y EMPAQUE
749901,SERVICIO DE FOTOCOPIADO Y OTROS
749902,SERVICIOS DE LEVANTADO DE TEXTO Y/O CORRECCION DE TEXTOS Y OTROS
749903,SERVICIOS SECRETARIALES Y/O OFICINISTA
749904,SERVICIO DE DISEÑO O DECORACION DE INTERIORES (POR CUENTA PROPIA).
749905,SERVICIO DE CONTESTACIóN DE TELéFONOS (CALL CENTER)
749906,SERVICIOS DE TRADUCTOR
749907,SERVICIO DE INSPECCION DE TODO TIPO DE MERCADERIAS Y ACTIVOS(INCLUYE DROGAS)
749908,SERVICIO DE RECOLECCION DE MONEDAS DE LOS TELEFONOS PUBLICOS
749911,AGENCIAS FOTOGRAFICAS POR CATALOGO
749914,SERVCICIO DE COBRANZA DE RECIBOS PUBLICOS Y OTROS
749917,MODELAJE PROFESIONAL (MODELO)
749918,AGENCIAS DE COBRO Y CALIFICACION CREDITICIA
751101,ACTIVIDADES DE LA ADMINISTRACION PUBLICA EN GENERAL
751102,"ACTIVIDADES DE LA ADMINISTRACIÓN PÚBLICA EN GENERAL, NO SUJETAS AL IMPUESTO SOBR"
751103,MUNICIPALIDADES Y CONCEJOS DE DISTRITO
751106,ACTIVIDADES DE LA ADMINISTRACION PUBLICA EN GENERAL GRAVADAS CON IVA
751201,"JUNTAS DE EDUCACIÓN, COMEDORES ESCOLARES, PATRONATOS, COOPERATIVAS ESCOLARES, CO"
751202,COMITES CANTONALES DE DEPORTES Y RECREACION
751301,ACTIVIDADES DEL SECTOR PúBLICO RELACIONADAS CON LA INFRAESTRUCTURA
751302,FONDOS PUBLICOS (ACTIVIDADES DEL SECTOR PUBLICO)
751401,ACTIVIDADES DE SERVICIOS AUXILIARES PARA LA ADMINISTRACIÓN PÚBLICA EN GENERAL
752101,RELACIONES EXTERIORES
752201,ACTIVIDADES DE DEFENSA
752301,ACTIVIDADES DE MANTENIMIENTO DEL ORDEN PÚBLICO Y DE SEGURIDAD
752302,"SERVICIOS DE VIGILANCIA O CONTROL PORTUARIA, COSTERA, AEREA,Y FRONTERIZA"
753001,ACTIVIDADES DE PLANES DE SEGURIDAD SOCIAL DE AFILIACIÓN OBLIGATORIA
801001,ENSEÑANZA PREESCOLAR Y PRIMARIA PRIVADA
801002,ENSEÑANZA PREESCOLAR Y PRIMARIA PRIVADA NO AUTORIZADOS POR EL MEP
802101,ENSEÑANZA SECUNDARIA PRIVADA
802102,ENSEÑANZA SECUNDARIA PRIVADA NO AUTORIZADA POR EL MEP
802201,ENSEÑANZA DE FORMACIÓN TÉCNICA Y PARAUNIVERSITARIA
802202,ENSEÑANZA SECUNDARIA DE FORMACIÓN TÉCNICA Y PROFESIONAL NO AUTORIZADA POR EL MEP
803002,ENSEÑANZA SUPERIOR PRIVADA (UNIVERSIDADES)
803003,ENSEÑANZA SUPERIOR PUBLICA (UNIVERSIDADES)
809001,ESCUELAS COMERCIALES (NO ESTATALES)
809004,PROFESOR POR CUENTA PROPIA
809005,ENSEÑANZA CULTURAL
809006,ENSEÑANZA DE LA DE SEGURIDAD PRIVADA
809007,ESCUELA Y AGENCIA DE MODELOS
851101,ACTIVIDADES DE HOSPITALES
851201,GINECÓLOGO
851202,SERVICOS DE MÉDICO GENERAL
851203,NEURÓLOGOS
851204,"SERVICIOS DE OFTALMOLOGO U OCULISTA, OPTOMETRISTA Y/O OPTICO"
851206,ORTOPEDISTA (CONSULTA PRIVADA)
851207,SERVICIOS DE ODONTOLOGO Y CONEXOS
851208,"OTORRINOLARINGOLOGIA, AUDIOLOGíA Y SERVICIOS CONEXOS."
851209,FARMACEUTICO O BOTICARIO
851210,CARDIOLOGOS
851212,ONCOLOGOS
851213,REUMATOLOGO
851901,MEDICINA ALTERNATIVA
851902,FÍSICO TERAPISTA
851905,PSICOLOGO
851906,PSIQUIATRÍA
851907,SERVICIOS DE ENFERMERÍA
851908,LABORATORIOS MÉDICOS - CLÍNICOS
851909,"SERVICIOS DE RADIOLOGÍA, ANESTESIOLOGIA Y OTROS"
851910,TRANSPORTE EN AMBULANCIA TERRESTRE Y AEREO (SERVICIO PRIVADO)
851911,PROFESIONALES EN SALUD OCUPACIONAL
851912,NUTRICIONISTA
851913,PROFESIONALES EN EDUCACION ESPECIAL
851914,SERVICIOS DE PARAMEDICOS
851915,SERVICIOS DE ESTERILIZACIÓN DE PRODUCTOS MÉDICOS Y FARMACÉUTICOS
851916,OTRAS ACTIVIDADES RELACIONADAS CON LA SALUD HUMANA(BANCO DE SANGRE…)
851917,CIRUJANO PLÁSTICO
853101,FUNDACIONES DE BIEN SOCIAL
853102,FUNDACIONES DE SERVICIO SOCIAL (PRIVADAS)
853103,RESIDENCIAS UNIVERSITARIAS CON SERVICIOS INTEGRADOS
853201,GUARDERIAS/CENTROS INFANTILES Y SERVICIOS SOCIALES
853202,SERVICIOS SOCIALES DE REDES DE CUIDO  Y CENTROS DE ATENCIÓN DE ADULTOS MAYORES
853301,ASOCIACIONES DECLARADAS DE UTILIDAD PUBLICA POR EL PODER EJECUTIVO
900001,"ASESORAMIENTO Y ELIMINACION DE DESPERDICIOS, SANEAMIENTO (EXCEPTO LIMPIEZA DE TANQUES)"
900002,LIMPIEZA DE TANQUES SEPTICOS Y AGUAS REDISUALES
911101,ACTIVIDADES DE ORGANIZACIONES EMPRESARIALES Y DE EMPLEADORES
911102,CAMARAS DE COMERCIO
911201,ACTIVIDADES DE ORGANIZACIONES PROFESIONALES
912001,ASOCIACIONES SOLIDARISTAS
912002,ACTIVIDADES DE SINDICATOS
919101,ACTIVIDADES DE ORGANIZACIONES RELIGIOSAS
919201,ACTIVIDADES DE ORGANIZACIONES POLÍTICAS
919901,ASOCIACION DE DESARROLLO COMUNAL Y/O SERVICIOS COMUNITARIOS
919903,"ASOCIACIONES O ENTIDADES CON FINES CULTURALES, SOCIALES, RECREATIVOS, ARTESANALE"
919906,ASOCIACIONES ADMINISTRADORAS DE LOS SISTEMAS DE ACUEDUCTOS Y ALCANTARILLADOS (ASADAS)
921101,ACTIVIDADES PRODUCCION POSTPRODUCCION Y DISTRIBUCION DE PELICULAS CINEMATOGRAFIC
921201,EXHIBICIÓN DE FILMES Y VIDEOCINTAS  (SALAS DE CINE)
921301,TRANSMISIONES DE RADIO
921302,PROGRAMACIÓN Y TRANSMISIONES DE TELEVISIÓN
921303,TRANSMISIONES DE RADIO CULTURALES SEGÚN LEY GENERAL DE TELECOMUNICACIONES
921401,TEATROS (EXPLOTACION)
921402,ACTIVIDADES MUSICALES Y ARTÍSTICAS (SERVICIOS)
921403,PERIODISTA POR CUENTA PROPIA
921501,CANALES DE TELEVISIóN
921902,"VENTA AL POR MENOR DE DISCOS, GRABACIONES DE MUSICA Y DE VIDEO"
921903,SALóN DE BAILE Y DISCOTECA
921904,SALON DE PATINES
922001,ACTIVIDADES DE AGENCIAS DE NOTICIAS
923101,ACTIVIDADES DE BIBLIOTECAS Y ARCHIVOS
923201,GALERIAS DE ARTE
923202,SERVICIOS DE RESTAURACION DE OBRAS DE ARTE
923301,"ACTIVIDADES DE JARDINES BOTANICOS, ZOOLOGICOS, PARQUES NACIONALES Y RESERVAS NACIONALES"
924101,GIMNASIOS
924102,EXPLOTACIÓN DE PISCINAS O ALBERCAS DE BAÑO
924103,"ENTRENADOR, INSTRUCTORES Y/O PREPARADORES FISICOS POR CUENTA PROPIA"
924104,ACTIVIDADES DE ESCUELAS Y CLUBES DEPORTIVOS
924105,EXPLOTACION DE INSTALACIONES Y CAMPOS DEPORTIVOS
924106,ACTIVIDADES DEPORTIVAS Y OTRAS POR CUENTA PROPIA
924107,ESPECTÁCULOS DEPORTIVOS
924901,NIGHT CLUB/CABARETTE
924902,EXPLOTACIÓN DE CASINOS (INCLUYE MESAS DE JUEGOS Y MAQUINAS TRAGAMONEDAS)
924903,PESCA DEPORTIVA
924904,"ACTIVIDADES DE JUEGOS DE BILLAR, POOL Y OTROS SIMILARES"
924905,SALA DE VIDEO JUEGOS
924906,"GRABACIÓN DE SONIDO (MUSICA, ETC.) EN DISCOS GRAMOFONICOS YEN CINTA MAGNETOFONIC"
924907,SERVICIO DE ENLACE DE LLAMADAS Y CASAS DE APUESTAS ELECTRONICAS (SPORTBOOKS)
924908,ESPECTACULOS PUBLICOS EN GENERAL EXCEPTO LOS DEPORTIVOS Y EL TEATRO
924909,OTRAS ACTIVIDADES DE ESPARCIMIENTO
924910,EXPLOTACIÓN DE JUEGOS DE ÁZAR NO ELECTRÓNICOS (INCLUYE MÁQUINAS TRAGAMONEDAS
930101,SERVICIOS DE LAVANDERíA DE TODO TIPO
930102,SERVICIO DE TEÑIDO DE PRENDAS DE VESTIR
930103,SERVICIO DE LIMPIEZA Y LAVADO DE MUEBLES
930202,"SALONES DE BELLEZA, PELUQUERIA Y BARBERIA"
93030,1 SERVICIOS FUNEBRES Y ACTIVIDADES CONEXAS
930302,CEMENTERIO PUBLICO (JUNTA ADMINISTRATIVA)
930303,CEMENTERIO O CAMPOSANTO PRIVADO
930901,SALAS DE MASAJES
930903,OTRAS ACTIVIDADES DE SERVICIOS PERSONALES N.C.P.
930904,CENTRO O SALA DE BRONCEADO
930905,PELUQUERíA Y SALA DE ESTÉTICA PARA ANIMALES
930906,SERVICIO DE TATUAJE Y PIERCING
930907,SERVICIO DE DISCO MOVIL
930908,SERVICIO DE HERRADURA
930915,ALBERGUE Y CUIDO DE ANIMALES A DOMICILIO
950001,HOGARES PRIVADOS CON SERVICIO DOMÉSTICO
960104,IMPUESTO A LAS PERSONAS JURIDICAS
960105,ACTIVIDADES PREOPERATIVAS O DE ORGANIZACION
960106,EXPORTADORES DE MERCANCIAS EXENTAS DEL IMPUESTO DE VENTAS
960107,PRODUCTORES DE MERCANCIAS EXENTAS DEL IMPUESTO DE VENTAS
960108,COMERCIALIZADORES DE MERCANCIAS EXENTAS DEL IMPUESTO DE VENTAS
960109,DISTRIBUIDORES DE MERCANCIAS EXENTAS DEL IMPUESTO DE VENTAS
990001,"ACTVIDADES DE ORGANIZACIONES Y ORGANOS EXTRATERRITORIALES, INCLUYE LAS EMBAJADAS"
